beach_01_a,beach_v1.png,beach_v1_33.png,10
beach_01_b,beach_v1_33.png,beach_v1_66.png,10
beach_01_c,beach_v1_66.png,beach_v2.png,10
beach_02_a,beach_v2.png,beach_v2_33.png,10
beach_02_b,beach_v2_33.png,beach_v2_66.png,10
beach_02_c,beach_v2_66.png,beach_v3.png,10
beach_03_a,beach_v3.png,beach_v3_16.png,10
beach_03_b,beach_v3_16.png,beach_v3_33.png,10
beach_03_c,beach_v3_33.png,beach_v3_50.png,10
beach_03_d,beach_v3_50.png,beach_v3_66.png,10
beach_03_e,beach_v3_66.png,beach_v3_83.png,10
beach_03_f,beach_v3_83.png,beach_v4.png,10
car_01_a,car_v1.png,car_v1_20.png,10
car_01_b,car_v1_20.png,car_v1_40.png,10
car_01_c,car_v1_40.png,car_v1_60.png,10
car_01_d,car_v1_60.png,car_v1_80.png,10
car_01_e,car_v1_80.png,car_v2.png,10
car_02_a,car_v2.png,car_v2_20.png,10
car_02_b,car_v2_20.png,car_v2_40.png,10
car_02_c,car_v2_40.png,car_v2_60.png,10
car_02_d,car_v2_60.png,car_v2_80.png,10
car_02_e,car_v2_80.png,car_v3.png,10
car_03_a,car_v3.png,car_v3_14.png,10
car_03_b,car_v3_14.png,car_v3_28.png,10
car_03_c,car_v3_28.png,car_v3_42.png,10
car_03_d,car_v3_42.png,car_v3_57.png,10
car_03_e,car_v3_57.png,car_v3_71.png,10
car_03_f,car_v3_71.png,car_v3_85.png,10
car_03_g,car_v3_85.png,car_v4.png,10
forest_01_a,forest_v1.png,forest_v1_16.png,10
forest_01_b,forest_v1_16.png,forest_v1_33.png,10
forest_01_c,forest_v1_33.png,forest_v1_50.png,10
forest_01_d,forest_v1_50.png,forest_v1_66.png,10
forest_01_e,forest_v1_66.png,forest_v1_83.png,10
forest_01_f,forest_v1_83.png,forest_v2.png,10
forest_02_a,forest_v2.png,forest_v2_25.png,10
forest_02_b,forest_v2_25.png,forest_v2_50.png,10
forest_02_c,forest_v2_50.png,forest_v2_75.png,10
forest_02_d,forest_v2_75.png,forest_v3.png,10
forest_03_a,forest_v3.png,forest_v3_16.png,10
forest_03_b,forest_v3_16.png,forest_v3_33.png,10
forest_03_c,forest_v3_33.png,forest_v3_50.png,10
forest_03_d,forest_v3_50.png,forest_v3_66.png,10
forest_03_e,forest_v3_66.png,forest_v3_83.png,10
forest_03_f,forest_v3_83.png,forest_v4.png,10
kitchen_01_a,kitchen_v1.png,kitchen_v1_20.png,10
kitchen_01_b,kitchen_v1_20.png,kitchen_v1_40.png,10
kitchen_01_c,kitchen_v1_40.png,kitchen_v1_60.png,10
kitchen_01_d,kitchen_v1_60.png,kitchen_v1_80.png,10
kitchen_01_e,kitchen_v1_80.png,kitchen_v2.png,10
kitchen_02_a,kitchen_v2.png,kitchen_v2_16.png,10
kitchen_02_b,kitchen_v2_16.png,kitchen_v2_33.png,10
kitchen_02_c,kitchen_v2_33.png,kitchen_v2_50.png,10
kitchen_02_d,kitchen_v2_50.png,kitchen_v2_66.png,10
kitchen_02_e,kitchen_v2_66.png,kitchen_v2_83.png,10
kitchen_02_f,kitchen_v2_83.png,kitchen_v3.png,10
kitchen_03_a,kitchen_v3.png,kitchen_v3_20.png,10
kitchen_03_b,kitchen_v3_20.png,kitchen_v3_40.png,10
kitchen_03_c,kitchen_v3_40.png,kitchen_v3_60.png,10
kitchen_03_d,kitchen_v3_60.png,kitchen_v3_80.png,10
kitchen_03_e,kitchen_v3_80.png,kitchen_v4.png,10
park_01_a,park_v1.png,park_v1_12.png,10
park_01_b,park_v1_12.png,park_v1_25.png,10
park_01_c,park_v1_25.png,park_v1_37.png,10
park_01_d,park_v1_37.png,park_v1_50.png,10
park_01_e,park_v1_50.png,park_v1_62.png,10
park_01_f,park_v1_62.png,park_v1_75.png,10
park_01_g,park_v1_75.png,park_v1_87.png,10
park_01_h,park_v1_87.png,park_v2.png,10
park_02_a,park_v2.png,park_v2_16.png,10
park_02_b,park_v2_16.png,park_v2_33.png,10
park_02_c,park_v2_33.png,park_v2_50.png,10
park_02_d,park_v2_50.png,park_v2_66.png,10
park_02_e,park_v2_66.png,park_v2_83.png,10
park_02_f,park_v2_83.png,park_v3.png,10
park_03_a,park_v3.png,park_v3_16.png,10
park_03_b,park_v3_16.png,park_v3_33.png,10
park_03_c,park_v3_33.png,park_v3_50.png,10
park_03_d,park_v3_50.png,park_v3_66.png,10
park_03_e,park_v3_66.png,park_v3_83.png,10
park_03_f,park_v3_83.png,park_v4.png,10
schoolyard_01_a,schoolyard_v1.png,schoolyard_v1_11.png,10
schoolyard_01_b,schoolyard_v1_11.png,schoolyard_v1_22.png,10
schoolyard_01_c,schoolyard_v1_22.png,schoolyard_v1_33.png,10
schoolyard_01_d,schoolyard_v1_33.png,schoolyard_v1_44.png,10
schoolyard_01_e,schoolyard_v1_44.png,schoolyard_v1_55.png,10
schoolyard_01_f,schoolyard_v1_55.png,schoolyard_v1_66.png,10
schoolyard_01_g,schoolyard_v1_66.png,schoolyard_v1_77.png,10
schoolyard_01_h,schoolyard_v1_77.png,schoolyard_v1_88.png,10
schoolyard_01_i,schoolyard_v1_88.png,schoolyard_v2.png,10
schoolyard_02_a,schoolyard_v2.png,schoolyard_v2_11.png,10
schoolyard_02_b,schoolyard_v2_11.png,schoolyard_v2_22.png,10
schoolyard_02_c,schoolyard_v2_22.png,schoolyard_v2_33.png,10
schoolyard_02_d,schoolyard_v2_33.png,schoolyard_v2_44.png,10
schoolyard_02_e,schoolyard_v2_44.png,schoolyard_v2_55.png,10
schoolyard_02_f,schoolyard_v2_55.png,schoolyard_v2_66.png,10
schoolyard_02_g,schoolyard_v2_66.png,schoolyard_v2_77.png,10
schoolyard_02_h,schoolyard_v2_77.png,schoolyard_v2_88.png,10
schoolyard_02_i,schoolyard_v2_88.png,schoolyard_v3.png,10
schoolyard_03,schoolyard_v3.png,schoolyard_v4.png,10
